Caller,Callee
ares_parse_caa_reply,ares_expand_name
ares_parse_caa_reply,name_length
ares_parse_caa_reply,ares_free_data
ares_parse_caa_reply,ares_malloc_data
ares_parse_caa_reply,aresx_uztosl
ares_parse_soa_reply,ares_expand_name
ares_parse_soa_reply,name_length
ares_parse_soa_reply,ares__expand_name_for_response
ares_parse_soa_reply,ares_free_data
ares_parse_soa_reply,ares_malloc_data
ares_parse_soa_reply,aresx_uztosl
ares__sortaddrinfo,qsort
ares__sortaddrinfo,socket
ares__sortaddrinfo,__assert_fail
ares__sortaddrinfo,find_src_addr
ares__sortaddrinfo,__errno_location
ares__sortaddrinfo,getsockname
ares__sortaddrinfo,ares__open_socket
ares__sortaddrinfo,ares__close_socket
ares__sortaddrinfo,ares__connect_socket
ares__sortaddrinfo,connect
ares__sortaddrinfo,close
ares__append_addrinfo_cname,ares__malloc_addrinfo_cname
ares__append_addrinfo_node,ares__malloc_addrinfo_node
ares_getaddrinfo,ares__sortaddrinfo
ares_getaddrinfo,ares__append_addrinfo_cname
ares_getaddrinfo,ares__addrinfo_cat_cnames
ares_getaddrinfo,ares__malloc_addrinfo
ares_getaddrinfo,ares__malloc_addrinfo_node
ares_getaddrinfo,ares__append_addrinfo_node
ares_getaddrinfo,ares__addrinfo_cat_nodes
ares_getaddrinfo,strtoul
ares_getaddrinfo,fcntl
ares_getaddrinfo,setsockopt
ares_getaddrinfo,bind
ares_getaddrinfo,memcmp
ares_getaddrinfo,lookup_service.69
ares_getaddrinfo,fake_addrinfo
ares_getaddrinfo,next_lookup.70
ares_getaddrinfo,next_dns_lookup
ares_getaddrinfo,file_lookup.71
ares_getaddrinfo,end_hquery.72
ares_getaddrinfo,getenv
ares_getaddrinfo,as_is_first
ares_getaddrinfo,qsort
ares_getaddrinfo,setsocknonblock
ares_getaddrinfo,socket
ares_getaddrinfo,__assert_fail
ares_getaddrinfo,find_src_addr
ares_getaddrinfo,ares_free_string
ares_getaddrinfo,ares__malloc_addrinfo_cname
ares_getaddrinfo,strlen
ares_getaddrinfo,htonl
ares_getaddrinfo,__errno_location
ares_getaddrinfo,getsockname
ares_getaddrinfo,ares__tvnow
ares_getaddrinfo,clock_gettime
ares_getaddrinfo,gettimeofday
ares_getaddrinfo,ntohs
ares_getaddrinfo,htons
ares_getaddrinfo,__ctype_b_loc
ares_getaddrinfo,ares_strdup
ares_getaddrinfo,strdup
ares_getaddrinfo,fopen
ares_getaddrinfo,fclose
ares_getaddrinfo,skip_server
ares_getaddrinfo,next_server
ares_getaddrinfo,ares__send_query
ares_getaddrinfo,end_query
ares_getaddrinfo,ares__free_query
ares_getaddrinfo,open_tcp_socket
ares_getaddrinfo,open_udp_socket
ares_getaddrinfo,socket_write
ares_getaddrinfo,timeadd
ares_getaddrinfo,send
ares_getaddrinfo,ares__open_socket
ares_getaddrinfo,configure_socket
ares_getaddrinfo,ares__close_socket
ares_getaddrinfo,ares__connect_socket
ares_getaddrinfo,connect
ares_getaddrinfo,close
ares_getaddrinfo,strcasecmp
ares_getaddrinfo,ares__cat_domain
ares_getaddrinfo,ares__readaddrinfo
ares_getaddrinfo,ares_create_query
ares_getaddrinfo,strcmp
ares_getaddrinfo,ares_striendstr
ares_getaddrinfo,tolower
ares_getaddrinfo,ares__is_onion_domain
ares_getaddrinfo,ares__close_sockets
ares_getaddrinfo,ares__generate_new_id
ares_getaddrinfo,rc4
ares_getaddrinfo,ares_query
ares_getaddrinfo,generate_unique_id
ares_getaddrinfo,find_query_by_id
ares_getaddrinfo,ares__init_list_node
ares_getaddrinfo,ares__is_list_empty
ares_getaddrinfo,ares__insert_in_list
ares_getaddrinfo,ares__remove_from_list
ares_getaddrinfo,ares__freeaddrinfo_cnames
ares_getaddrinfo,ares__freeaddrinfo_nodes
ares_getaddrinfo,ares_freeaddrinfo
ares_getaddrinfo,getservbyname
ares_getaddrinfo,aresx_uztosi
ares_getaddrinfo,aresx_sitous
ares_getaddrinfo,ares_send
ares_getaddrinfo,ares__read_line
ares_getaddrinfo,fgets
ares_getaddrinfo,ferror
ares_getaddrinfo,ares_inet_pton
ares_getaddrinfo,inet_pton
lookup_service.69,ntohs
lookup_service.69,getservbyname
fake_addrinfo,ares__append_addrinfo_cname
fake_addrinfo,ares__malloc_addrinfo_node
fake_addrinfo,ares__malloc_addrinfo_cname
fake_addrinfo,strlen
fake_addrinfo,htons
fake_addrinfo,__ctype_b_loc
fake_addrinfo,ares_strdup
fake_addrinfo,strdup
fake_addrinfo,ares__freeaddrinfo_cnames
fake_addrinfo,ares__freeaddrinfo_nodes
fake_addrinfo,ares_freeaddrinfo
fake_addrinfo,ares_inet_pton
fake_addrinfo,inet_pton
next_lookup.70,ares__sortaddrinfo
next_lookup.70,ares__append_addrinfo_cname
next_lookup.70,ares__addrinfo_cat_cnames
next_lookup.70,ares__malloc_addrinfo_node
next_lookup.70,ares__append_addrinfo_node
next_lookup.70,ares__addrinfo_cat_nodes
next_lookup.70,fcntl
next_lookup.70,setsockopt
next_lookup.70,bind
next_lookup.70,memcmp
next_lookup.70,next_dns_lookup
next_lookup.70,file_lookup.71
next_lookup.70,end_hquery.72
next_lookup.70,getenv
next_lookup.70,as_is_first
next_lookup.70,qsort
next_lookup.70,setsocknonblock
next_lookup.70,socket
next_lookup.70,__assert_fail
next_lookup.70,find_src_addr
next_lookup.70,ares_free_string
next_lookup.70,ares__malloc_addrinfo_cname
next_lookup.70,strlen
next_lookup.70,htonl
next_lookup.70,__errno_location
next_lookup.70,getsockname
next_lookup.70,ares__tvnow
next_lookup.70,clock_gettime
next_lookup.70,gettimeofday
next_lookup.70,htons
next_lookup.70,__ctype_b_loc
next_lookup.70,ares_strdup
next_lookup.70,strdup
next_lookup.70,fopen
next_lookup.70,fclose
next_lookup.70,skip_server
next_lookup.70,next_server
next_lookup.70,ares__send_query
next_lookup.70,end_query
next_lookup.70,ares__free_query
next_lookup.70,open_tcp_socket
next_lookup.70,open_udp_socket
next_lookup.70,socket_write
next_lookup.70,timeadd
next_lookup.70,send
next_lookup.70,ares__open_socket
next_lookup.70,configure_socket
next_lookup.70,ares__close_socket
next_lookup.70,ares__connect_socket
next_lookup.70,connect
next_lookup.70,close
next_lookup.70,strcasecmp
next_lookup.70,ares__cat_domain
next_lookup.70,ares__readaddrinfo
next_lookup.70,ares_create_query
next_lookup.70,strcmp
next_lookup.70,ares_striendstr
next_lookup.70,tolower
next_lookup.70,ares__is_onion_domain
next_lookup.70,ares__close_sockets
next_lookup.70,ares__generate_new_id
next_lookup.70,rc4
next_lookup.70,ares_query
next_lookup.70,generate_unique_id
next_lookup.70,find_query_by_id
next_lookup.70,ares__init_list_node
next_lookup.70,ares__is_list_empty
next_lookup.70,ares__insert_in_list
next_lookup.70,ares__remove_from_list
next_lookup.70,ares__freeaddrinfo_cnames
next_lookup.70,ares__freeaddrinfo_nodes
next_lookup.70,ares_freeaddrinfo
next_lookup.70,aresx_uztosi
next_lookup.70,aresx_sitous
next_lookup.70,ares_send
next_lookup.70,ares__read_line
next_lookup.70,fgets
next_lookup.70,ferror
next_lookup.70,ares_inet_pton
next_lookup.70,inet_pton
next_dns_lookup,fcntl
next_dns_lookup,setsockopt
next_dns_lookup,bind
next_dns_lookup,memcmp
next_dns_lookup,as_is_first
next_dns_lookup,setsocknonblock
next_dns_lookup,socket
next_dns_lookup,__assert_fail
next_dns_lookup,ares_free_string
next_dns_lookup,strlen
next_dns_lookup,htonl
next_dns_lookup,__errno_location
next_dns_lookup,ares__tvnow
next_dns_lookup,clock_gettime
next_dns_lookup,gettimeofday
next_dns_lookup,skip_server
next_dns_lookup,next_server
next_dns_lookup,ares__send_query
next_dns_lookup,end_query
next_dns_lookup,ares__free_query
next_dns_lookup,open_tcp_socket
next_dns_lookup,open_udp_socket
next_dns_lookup,socket_write
next_dns_lookup,timeadd
next_dns_lookup,send
next_dns_lookup,ares__open_socket
next_dns_lookup,configure_socket
next_dns_lookup,ares__close_socket
next_dns_lookup,ares__connect_socket
next_dns_lookup,connect
next_dns_lookup,close
next_dns_lookup,ares__cat_domain
next_dns_lookup,ares_create_query
next_dns_lookup,strcmp
next_dns_lookup,ares_striendstr
next_dns_lookup,tolower
next_dns_lookup,ares__is_onion_domain
next_dns_lookup,ares__close_sockets
next_dns_lookup,ares__generate_new_id
next_dns_lookup,rc4
next_dns_lookup,ares_query
next_dns_lookup,generate_unique_id
next_dns_lookup,find_query_by_id
next_dns_lookup,ares__init_list_node
next_dns_lookup,ares__is_list_empty
next_dns_lookup,ares__insert_in_list
next_dns_lookup,ares__remove_from_list
next_dns_lookup,aresx_sitous
next_dns_lookup,ares_send
file_lookup.71,ares__append_addrinfo_cname
file_lookup.71,ares__addrinfo_cat_cnames
file_lookup.71,ares__malloc_addrinfo_node
file_lookup.71,ares__append_addrinfo_node
file_lookup.71,ares__addrinfo_cat_nodes
file_lookup.71,getenv
file_lookup.71,ares__malloc_addrinfo_cname
file_lookup.71,strlen
file_lookup.71,__errno_location
file_lookup.71,htons
file_lookup.71,__ctype_b_loc
file_lookup.71,ares_strdup
file_lookup.71,strdup
file_lookup.71,fopen
file_lookup.71,fclose
file_lookup.71,strcasecmp
file_lookup.71,ares__readaddrinfo
file_lookup.71,ares__freeaddrinfo_cnames
file_lookup.71,ares__freeaddrinfo_nodes
file_lookup.71,aresx_uztosi
file_lookup.71,ares__read_line
file_lookup.71,fgets
file_lookup.71,ferror
file_lookup.71,ares_inet_pton
file_lookup.71,inet_pton
end_hquery.72,ares__sortaddrinfo
end_hquery.72,qsort
end_hquery.72,socket
end_hquery.72,__assert_fail
end_hquery.72,find_src_addr
end_hquery.72,__errno_location
end_hquery.72,getsockname
end_hquery.72,htons
end_hquery.72,ares__open_socket
end_hquery.72,ares__close_socket
end_hquery.72,ares__connect_socket
end_hquery.72,connect
end_hquery.72,close
end_hquery.72,ares__freeaddrinfo_cnames
end_hquery.72,ares__freeaddrinfo_nodes
end_hquery.72,ares_freeaddrinfo
as_is_first,strlen
host_callback.76,ares__sortaddrinfo
host_callback.76,ares__append_addrinfo_cname
host_callback.76,ares__addrinfo_cat_cnames
host_callback.76,ares__malloc_addrinfo_node
host_callback.76,ares__append_addrinfo_node
host_callback.76,ares__addrinfo_cat_nodes
host_callback.76,fcntl
host_callback.76,setsockopt
host_callback.76,bind
host_callback.76,memcmp
host_callback.76,next_lookup.70
host_callback.76,next_dns_lookup
host_callback.76,file_lookup.71
host_callback.76,end_hquery.72
host_callback.76,getenv
host_callback.76,as_is_first
host_callback.76,qsort
host_callback.76,setsocknonblock
host_callback.76,socket
host_callback.76,__assert_fail
host_callback.76,find_src_addr
host_callback.76,ares_free_string
host_callback.76,ares__malloc_addrinfo_cname
host_callback.76,strlen
host_callback.76,htonl
host_callback.76,__errno_location
host_callback.76,getsockname
host_callback.76,ares__tvnow
host_callback.76,clock_gettime
host_callback.76,gettimeofday
host_callback.76,htons
host_callback.76,__ctype_b_loc
host_callback.76,ares_strdup
host_callback.76,strdup
host_callback.76,fopen
host_callback.76,fclose
host_callback.76,skip_server
host_callback.76,next_server
host_callback.76,ares__send_query
host_callback.76,end_query
host_callback.76,ares__free_query
host_callback.76,open_tcp_socket
host_callback.76,open_udp_socket
host_callback.76,socket_write
host_callback.76,timeadd
host_callback.76,send
host_callback.76,ares__open_socket
host_callback.76,configure_socket
host_callback.76,ares__close_socket
host_callback.76,ares__connect_socket
host_callback.76,connect
host_callback.76,close
host_callback.76,strcasecmp
host_callback.76,ares__cat_domain
host_callback.76,ares__readaddrinfo
host_callback.76,ares_create_query
host_callback.76,strcmp
host_callback.76,ares_striendstr
host_callback.76,tolower
host_callback.76,ares__is_onion_domain
host_callback.76,ares_expand_name
host_callback.76,name_length
host_callback.76,ares__expand_name_for_response
host_callback.76,ares__close_sockets
host_callback.76,ares__generate_new_id
host_callback.76,rc4
host_callback.76,ares_query
host_callback.76,generate_unique_id
host_callback.76,find_query_by_id
host_callback.76,ares__init_list_node
host_callback.76,ares__is_list_empty
host_callback.76,ares__insert_in_list
host_callback.76,ares__remove_from_list
host_callback.76,ares__freeaddrinfo_cnames
host_callback.76,ares__freeaddrinfo_nodes
host_callback.76,ares_freeaddrinfo
host_callback.76,aresx_uztosl
host_callback.76,aresx_uztosi
host_callback.76,aresx_sitous
host_callback.76,ares_send
host_callback.76,ares__read_line
host_callback.76,fgets
host_callback.76,ferror
host_callback.76,ares_inet_pton
host_callback.76,inet_pton
host_callback.76,ares__parse_into_addrinfo2
host_callback.76,ares__parse_into_addrinfo
rfc6724_compare,get_scope
rfc6724_compare,get_label
rfc6724_compare,get_precedence
rfc6724_compare,common_prefix_len
rfc6724_compare,htonl
rfc6724_compare,ntohl
get_scope,htonl
get_scope,ntohl
get_label,htonl
get_label,ntohl
get_precedence,htonl
get_precedence,ntohl
setsocknonblock,fcntl
socket_recvfrom,recvfrom
same_address,memcmp
process_answer,fcntl
process_answer,setsockopt
process_answer,bind
process_answer,memcmp
process_answer,setsocknonblock
process_answer,socket
process_answer,same_questions
process_answer,has_opt_rr
process_answer,__assert_fail
process_answer,ares_free_string
process_answer,htonl
process_answer,__errno_location
process_answer,skip_server
process_answer,next_server
process_answer,ares__send_query
process_answer,end_query
process_answer,ares__free_query
process_answer,open_tcp_socket
process_answer,open_udp_socket
process_answer,socket_write
process_answer,timeadd
process_answer,send
process_answer,ares__open_socket
process_answer,configure_socket
process_answer,ares__close_socket
process_answer,ares__connect_socket
process_answer,connect
process_answer,close
process_answer,strcasecmp
process_answer,ares_expand_name
process_answer,name_length
process_answer,ares__close_sockets
process_answer,ares__is_list_empty
process_answer,ares__insert_in_list
process_answer,ares__remove_from_list
process_answer,aresx_uztosl
process_answer,aresx_sitous
same_questions,strcasecmp
same_questions,ares_expand_name
same_questions,name_length
same_questions,aresx_uztosl
has_opt_rr,ares_free_string
has_opt_rr,ares_expand_name
has_opt_rr,name_length
has_opt_rr,aresx_uztosl
find_src_addr,socket
find_src_addr,__errno_location
find_src_addr,getsockname
find_src_addr,ares__open_socket
find_src_addr,ares__close_socket
find_src_addr,ares__connect_socket
find_src_addr,connect
find_src_addr,close
end_hquery,ares_free_hostent
sort_addresses,memcmp
sort_addresses,get_address_index
sort_addresses,ares__bitncmp
sort6_addresses,memcmp
sort6_addresses,get6_address_index
sort6_addresses,ares__bitncmp
get6_address_index,memcmp
get6_address_index,ares__bitncmp
get_address_index,memcmp
get_address_index,ares__bitncmp
ares_gethostbyname_file,strlen
ares_gethostbyname_file,__errno_location
ares_gethostbyname_file,__ctype_b_loc
ares_gethostbyname_file,ares_strdup
ares_gethostbyname_file,strdup
ares_gethostbyname_file,fopen
ares_gethostbyname_file,fclose
ares_gethostbyname_file,strcasecmp
ares_gethostbyname_file,ares_free_hostent
ares_gethostbyname_file,ares_striendstr
ares_gethostbyname_file,tolower
ares_gethostbyname_file,ares__is_onion_domain
ares_gethostbyname_file,file_lookup.64
ares_gethostbyname_file,aresx_uztosi
ares_gethostbyname_file,aresx_uztoss
ares_gethostbyname_file,aresx_sitoss
ares_gethostbyname_file,ares__read_line
ares_gethostbyname_file,fgets
ares_gethostbyname_file,ferror
ares_gethostbyname_file,ares_inet_pton
ares_gethostbyname_file,inet_pton
ares_gethostbyname_file,ares__get_hostent
ares__tvnow,clock_gettime
ares__tvnow,gettimeofday
ares_get_servers,ares_free_data
ares_get_servers,ares_malloc_data
ares_get_servers_ports,ntohs
ares_get_servers_ports,ares_free_data
ares_get_servers_ports,ares_malloc_data
ares_set_servers,__assert_fail
ares_set_servers,ares__close_socket
ares_set_servers,close
ares_set_servers,ares__destroy_servers_state
ares_set_servers,ares__close_sockets
ares_set_servers,ares__init_list_head
ares_set_servers,ares__is_list_empty
ares_set_servers,ares_library_initialized
ares_set_servers,ares__init_servers_state
ares_set_servers_ports,__assert_fail
ares_set_servers_ports,htons
ares_set_servers_ports,ares__close_socket
ares_set_servers_ports,close
ares_set_servers_ports,ares__destroy_servers_state
ares_set_servers_ports,ares__close_sockets
ares_set_servers_ports,ares__init_list_head
ares_set_servers_ports,ares__is_list_empty
ares_set_servers_ports,ares_library_initialized
ares_set_servers_ports,ares__init_servers_state
ares_set_servers_csv,__assert_fail
ares_set_servers_csv,strlen
ares_set_servers_csv,ares_set_servers_ports
ares_set_servers_csv,htons
ares_set_servers_csv,set_servers_csv
ares_set_servers_csv,strcpy
ares_set_servers_csv,__ctype_b_loc
ares_set_servers_csv,strtol
ares_set_servers_csv,ares__close_socket
ares_set_servers_csv,close
ares_set_servers_csv,ares__destroy_servers_state
ares_set_servers_csv,ares__close_sockets
ares_set_servers_csv,ares__init_list_head
ares_set_servers_csv,ares__is_list_empty
ares_set_servers_csv,ares_inet_pton
ares_set_servers_csv,inet_pton
ares_set_servers_csv,ares_library_initialized
ares_set_servers_csv,ares__init_servers_state
set_servers_csv,__assert_fail
set_servers_csv,strlen
set_servers_csv,ares_set_servers_ports
set_servers_csv,htons
set_servers_csv,strcpy
set_servers_csv,__ctype_b_loc
set_servers_csv,strtol
set_servers_csv,ares__close_socket
set_servers_csv,close
set_servers_csv,ares__destroy_servers_state
set_servers_csv,ares__close_sockets
set_servers_csv,ares__init_list_head
set_servers_csv,ares__is_list_empty
set_servers_csv,ares_inet_pton
set_servers_csv,inet_pton
set_servers_csv,ares_library_initialized
set_servers_csv,ares__init_servers_state
ares_set_servers_ports_csv,__assert_fail
ares_set_servers_ports_csv,strlen
ares_set_servers_ports_csv,ares_set_servers_ports
ares_set_servers_ports_csv,htons
ares_set_servers_ports_csv,set_servers_csv
ares_set_servers_ports_csv,strcpy
ares_set_servers_ports_csv,__ctype_b_loc
ares_set_servers_ports_csv,strtol
ares_set_servers_ports_csv,ares__close_socket
ares_set_servers_ports_csv,close
ares_set_servers_ports_csv,ares__destroy_servers_state
ares_set_servers_ports_csv,ares__close_sockets
ares_set_servers_ports_csv,ares__init_list_head
ares_set_servers_ports_csv,ares__is_list_empty
ares_set_servers_ports_csv,ares_inet_pton
ares_set_servers_ports_csv,inet_pton
ares_set_servers_ports_csv,ares_library_initialized
ares_set_servers_ports_csv,ares__init_servers_state
ares_strdup,strlen
ares_strdup,strdup
ares_inet_ntop,inet_ntop
ares_expand_string,strncpy
ares_mkquery,strlen
ares_mkquery,ares_create_query
ares_mkquery,strcmp
ares_mkquery,ares_striendstr
ares_mkquery,tolower
ares_mkquery,ares__is_onion_domain
ares_parse_ns_reply,strlen
ares_parse_ns_reply,strcpy
ares_parse_ns_reply,ares_expand_name
ares_parse_ns_reply,name_length
ares_parse_ns_reply,ares__expand_name_for_response
ares_parse_ns_reply,aresx_uztosl
ares_parse_srv_reply,ares_expand_name
ares_parse_srv_reply,name_length
ares_parse_srv_reply,ares_free_data
ares_parse_srv_reply,ares_malloc_data
ares_parse_srv_reply,aresx_uztosl
ares_process,fcntl
ares_process,setsockopt
ares_process,bind
ares_process,memcmp
ares_process,setsocknonblock
ares_process,socket
ares_process,socket_recvfrom
ares_process,try_again
ares_process,same_address
ares_process,process_answer
ares_process,same_questions
ares_process,has_opt_rr
ares_process,__assert_fail
ares_process,ares_free_string
ares_process,htonl
ares_process,__errno_location
ares_process,ares__tvnow
ares_process,clock_gettime
ares_process,gettimeofday
ares_process,ares__timedout
ares_process,processfds
ares_process,write_tcp_data
ares_process,read_tcp_data
ares_process,read_udp_packets
ares_process,process_timeouts
ares_process,process_broken_connections
ares_process,handle_error
ares_process,swap_lists
ares_process,skip_server
ares_process,next_server
ares_process,ares__send_query
ares_process,end_query
ares_process,ares__free_query
ares_process,open_tcp_socket
ares_process,open_udp_socket
ares_process,socket_write
ares_process,timeadd
ares_process,send
ares_process,ares__open_socket
ares_process,configure_socket
ares_process,ares__close_socket
ares_process,ares__connect_socket
ares_process,connect
ares_process,close
ares_process,strcasecmp
ares_process,recvfrom
ares_process,socket_recv
ares_process,recv
ares_process,socket_writev
ares_process,advance_tcp_send_queue
ares_process,writev
ares_process,ares_expand_name
ares_process,name_length
ares_process,ares__close_sockets
ares_process,ares__init_list_head
ares_process,ares__is_list_empty
ares_process,ares__insert_in_list
ares_process,ares__remove_from_list
ares_process,aresx_uztosl
ares_process,aresx_sitous
processfds,fcntl
processfds,setsockopt
processfds,bind
processfds,memcmp
processfds,setsocknonblock
processfds,socket
processfds,socket_recvfrom
processfds,try_again
processfds,same_address
processfds,process_answer
processfds,same_questions
processfds,has_opt_rr
processfds,__assert_fail
processfds,ares_free_string
processfds,htonl
processfds,__errno_location
processfds,ares__tvnow
processfds,clock_gettime
processfds,gettimeofday
processfds,ares__timedout
processfds,write_tcp_data
processfds,read_tcp_data
processfds,read_udp_packets
processfds,process_timeouts
processfds,process_broken_connections
processfds,handle_error
processfds,swap_lists
processfds,skip_server
processfds,next_server
processfds,ares__send_query
processfds,end_query
processfds,ares__free_query
processfds,open_tcp_socket
processfds,open_udp_socket
processfds,socket_write
processfds,timeadd
processfds,send
processfds,ares__open_socket
processfds,configure_socket
processfds,ares__close_socket
processfds,ares__connect_socket
processfds,connect
processfds,close
processfds,strcasecmp
processfds,recvfrom
processfds,socket_recv
processfds,recv
processfds,socket_writev
processfds,advance_tcp_send_queue
processfds,writev
processfds,ares_expand_name
processfds,name_length
processfds,ares__close_sockets
processfds,ares__init_list_head
processfds,ares__is_list_empty
processfds,ares__insert_in_list
processfds,ares__remove_from_list
processfds,aresx_uztosl
processfds,aresx_sitous
addr_callback,fcntl
addr_callback,setsockopt
addr_callback,bind
addr_callback,memcmp
addr_callback,setsocknonblock
addr_callback,socket
addr_callback,__assert_fail
addr_callback,ares_free_string
addr_callback,strlen
addr_callback,htonl
addr_callback,ntohl
addr_callback,__errno_location
addr_callback,ares__tvnow
addr_callback,clock_gettime
addr_callback,gettimeofday
addr_callback,__ctype_b_loc
addr_callback,ares_strdup
addr_callback,strdup
addr_callback,strncpy
addr_callback,file_lookup
addr_callback,end_aquery
addr_callback,fopen
addr_callback,fclose
addr_callback,sprintf
addr_callback,skip_server
addr_callback,next_server
addr_callback,ares__send_query
addr_callback,end_query
addr_callback,ares__free_query
addr_callback,open_tcp_socket
addr_callback,open_udp_socket
addr_callback,socket_write
addr_callback,timeadd
addr_callback,send
addr_callback,ares__open_socket
addr_callback,configure_socket
addr_callback,ares__close_socket
addr_callback,ares__connect_socket
addr_callback,connect
addr_callback,close
addr_callback,strcasecmp
addr_callback,next_lookup
addr_callback,ptr_rr_name
addr_callback,ares_free_hostent
addr_callback,ares_create_query
addr_callback,strcmp
addr_callback,ares_striendstr
addr_callback,tolower
addr_callback,ares__is_onion_domain
addr_callback,ares_expand_name
addr_callback,name_length
addr_callback,ares__expand_name_for_response
addr_callback,ares__close_sockets
addr_callback,ares__generate_new_id
addr_callback,rc4
addr_callback,ares_query
addr_callback,generate_unique_id
addr_callback,find_query_by_id
addr_callback,ares__init_list_node
addr_callback,ares__is_list_empty
addr_callback,ares__insert_in_list
addr_callback,ares__remove_from_list
addr_callback,aresx_uztosl
addr_callback,aresx_uztosi
addr_callback,aresx_uztoss
addr_callback,aresx_sitoss
addr_callback,aresx_sitous
addr_callback,ares_send
addr_callback,ares__read_line
addr_callback,fgets
addr_callback,ferror
addr_callback,ares_inet_pton
addr_callback,inet_pton
addr_callback,ares_parse_ptr_reply
addr_callback,ares__get_hostent
file_lookup,memcmp
file_lookup,strlen
file_lookup,__errno_location
file_lookup,__ctype_b_loc
file_lookup,ares_strdup
file_lookup,strdup
file_lookup,fopen
file_lookup,fclose
file_lookup,ares_free_hostent
file_lookup,aresx_uztosi
file_lookup,aresx_uztoss
file_lookup,aresx_sitoss
file_lookup,ares__read_line
file_lookup,fgets
file_lookup,ferror
file_lookup,ares_inet_pton
file_lookup,inet_pton
file_lookup,ares__get_hostent
end_aquery,ares_free_hostent
ares_getnameinfo,fcntl
ares_getnameinfo,setsockopt
ares_getnameinfo,bind
ares_getnameinfo,memcmp
ares_getnameinfo,setsocknonblock
ares_getnameinfo,socket
ares_getnameinfo,__assert_fail
ares_getnameinfo,ares_free_string
ares_getnameinfo,strlen
ares_getnameinfo,htonl
ares_getnameinfo,ntohl
ares_getnameinfo,__errno_location
ares_getnameinfo,ares__tvnow
ares_getnameinfo,clock_gettime
ares_getnameinfo,gettimeofday
ares_getnameinfo,ntohs
ares_getnameinfo,strcpy
ares_getnameinfo,__ctype_b_loc
ares_getnameinfo,ares_strdup
ares_getnameinfo,strdup
ares_getnameinfo,ares_inet_ntop
ares_getnameinfo,inet_ntop
ares_getnameinfo,file_lookup
ares_getnameinfo,end_aquery
ares_getnameinfo,fopen
ares_getnameinfo,fclose
ares_getnameinfo,sprintf
ares_getnameinfo,lookup_service
ares_getnameinfo,append_scopeid
ares_getnameinfo,skip_server
ares_getnameinfo,next_server
ares_getnameinfo,ares__send_query
ares_getnameinfo,end_query
ares_getnameinfo,ares__free_query
ares_getnameinfo,open_tcp_socket
ares_getnameinfo,open_udp_socket
ares_getnameinfo,socket_write
ares_getnameinfo,timeadd
ares_getnameinfo,send
ares_getnameinfo,ares__open_socket
ares_getnameinfo,configure_socket
ares_getnameinfo,ares__close_socket
ares_getnameinfo,ares__connect_socket
ares_getnameinfo,connect
ares_getnameinfo,close
ares_getnameinfo,ares_gethostbyaddr
ares_getnameinfo,next_lookup
ares_getnameinfo,ptr_rr_name
ares_getnameinfo,ares_free_hostent
ares_getnameinfo,ares_create_query
ares_getnameinfo,strcmp
ares_getnameinfo,ares_striendstr
ares_getnameinfo,tolower
ares_getnameinfo,if_indextoname
ares_getnameinfo,getservbyport_r
ares_getnameinfo,ares__is_onion_domain
ares_getnameinfo,ares__close_sockets
ares_getnameinfo,ares__generate_new_id
ares_getnameinfo,rc4
ares_getnameinfo,ares_query
ares_getnameinfo,generate_unique_id
ares_getnameinfo,find_query_by_id
ares_getnameinfo,ares__init_list_node
ares_getnameinfo,ares__is_list_empty
ares_getnameinfo,ares__insert_in_list
ares_getnameinfo,ares__remove_from_list
ares_getnameinfo,aresx_uztosi
ares_getnameinfo,aresx_uztoss
ares_getnameinfo,aresx_sitoss
ares_getnameinfo,aresx_sitous
ares_getnameinfo,ares_send
ares_getnameinfo,ares__read_line
ares_getnameinfo,fgets
ares_getnameinfo,ferror
ares_getnameinfo,ares_inet_pton
ares_getnameinfo,inet_pton
ares_getnameinfo,ares__get_hostent
lookup_service,strlen
lookup_service,ntohs
lookup_service,sprintf
lookup_service,getservbyport_r
append_scopeid,strlen
append_scopeid,htonl
append_scopeid,strcpy
append_scopeid,sprintf
append_scopeid,if_indextoname
write_tcp_data,fcntl
write_tcp_data,setsockopt
write_tcp_data,bind
write_tcp_data,memcmp
write_tcp_data,setsocknonblock
write_tcp_data,socket
write_tcp_data,try_again
write_tcp_data,__assert_fail
write_tcp_data,htonl
write_tcp_data,__errno_location
write_tcp_data,handle_error
write_tcp_data,swap_lists
write_tcp_data,skip_server
write_tcp_data,next_server
write_tcp_data,ares__send_query
write_tcp_data,end_query
write_tcp_data,ares__free_query
write_tcp_data,open_tcp_socket
write_tcp_data,open_udp_socket
write_tcp_data,socket_write
write_tcp_data,timeadd
write_tcp_data,send
write_tcp_data,ares__open_socket
write_tcp_data,configure_socket
write_tcp_data,ares__close_socket
write_tcp_data,ares__connect_socket
write_tcp_data,connect
write_tcp_data,close
write_tcp_data,socket_writev
write_tcp_data,advance_tcp_send_queue
write_tcp_data,writev
write_tcp_data,ares__close_sockets
write_tcp_data,ares__init_list_head
write_tcp_data,ares__is_list_empty
write_tcp_data,ares__insert_in_list
write_tcp_data,ares__remove_from_list
write_tcp_data,aresx_sitous
read_tcp_data,fcntl
read_tcp_data,setsockopt
read_tcp_data,bind
read_tcp_data,memcmp
read_tcp_data,setsocknonblock
read_tcp_data,socket
read_tcp_data,try_again
read_tcp_data,process_answer
read_tcp_data,same_questions
read_tcp_data,has_opt_rr
read_tcp_data,__assert_fail
read_tcp_data,ares_free_string
read_tcp_data,htonl
read_tcp_data,__errno_location
read_tcp_data,handle_error
read_tcp_data,swap_lists
read_tcp_data,skip_server
read_tcp_data,next_server
read_tcp_data,ares__send_query
read_tcp_data,end_query
read_tcp_data,ares__free_query
read_tcp_data,open_tcp_socket
read_tcp_data,open_udp_socket
read_tcp_data,socket_write
read_tcp_data,timeadd
read_tcp_data,send
read_tcp_data,ares__open_socket
read_tcp_data,configure_socket
read_tcp_data,ares__close_socket
read_tcp_data,ares__connect_socket
read_tcp_data,connect
read_tcp_data,close
read_tcp_data,strcasecmp
read_tcp_data,socket_recv
read_tcp_data,recv
read_tcp_data,ares_expand_name
read_tcp_data,name_length
read_tcp_data,ares__close_sockets
read_tcp_data,ares__init_list_head
read_tcp_data,ares__is_list_empty
read_tcp_data,ares__insert_in_list
read_tcp_data,ares__remove_from_list
read_tcp_data,aresx_uztosl
read_tcp_data,aresx_sitous
read_udp_packets,fcntl
read_udp_packets,setsockopt
read_udp_packets,bind
read_udp_packets,memcmp
read_udp_packets,setsocknonblock
read_udp_packets,socket
read_udp_packets,socket_recvfrom
read_udp_packets,try_again
read_udp_packets,same_address
read_udp_packets,process_answer
read_udp_packets,same_questions
read_udp_packets,has_opt_rr
read_udp_packets,__assert_fail
read_udp_packets,ares_free_string
read_udp_packets,htonl
read_udp_packets,__errno_location
read_udp_packets,handle_error
read_udp_packets,swap_lists
read_udp_packets,skip_server
read_udp_packets,next_server
read_udp_packets,ares__send_query
read_udp_packets,end_query
read_udp_packets,ares__free_query
read_udp_packets,open_tcp_socket
read_udp_packets,open_udp_socket
read_udp_packets,socket_write
read_udp_packets,timeadd
read_udp_packets,send
read_udp_packets,ares__open_socket
read_udp_packets,configure_socket
read_udp_packets,ares__close_socket
read_udp_packets,ares__connect_socket
read_udp_packets,connect
read_udp_packets,close
read_udp_packets,strcasecmp
read_udp_packets,recvfrom
read_udp_packets,ares_expand_name
read_udp_packets,name_length
read_udp_packets,ares__close_sockets
read_udp_packets,ares__init_list_head
read_udp_packets,ares__is_list_empty
read_udp_packets,ares__insert_in_list
read_udp_packets,ares__remove_from_list
read_udp_packets,aresx_uztosl
read_udp_packets,aresx_sitous
process_timeouts,fcntl
process_timeouts,setsockopt
process_timeouts,bind
process_timeouts,memcmp
process_timeouts,setsocknonblock
process_timeouts,socket
process_timeouts,__assert_fail
process_timeouts,htonl
process_timeouts,__errno_location
process_timeouts,ares__timedout
process_timeouts,skip_server
process_timeouts,next_server
process_timeouts,ares__send_query
process_timeouts,end_query
process_timeouts,ares__free_query
process_timeouts,open_tcp_socket
process_timeouts,open_udp_socket
process_timeouts,socket_write
process_timeouts,timeadd
process_timeouts,send
process_timeouts,ares__open_socket
process_timeouts,configure_socket
process_timeouts,ares__close_socket
process_timeouts,ares__connect_socket
process_timeouts,connect
process_timeouts,close
process_timeouts,ares__close_sockets
process_timeouts,ares__is_list_empty
process_timeouts,ares__insert_in_list
process_timeouts,ares__remove_from_list
process_timeouts,aresx_sitous
process_broken_connections,fcntl
process_broken_connections,setsockopt
process_broken_connections,bind
process_broken_connections,memcmp
process_broken_connections,setsocknonblock
process_broken_connections,socket
process_broken_connections,__assert_fail
process_broken_connections,htonl
process_broken_connections,__errno_location
process_broken_connections,handle_error
process_broken_connections,swap_lists
process_broken_connections,skip_server
process_broken_connections,next_server
process_broken_connections,ares__send_query
process_broken_connections,end_query
process_broken_connections,ares__free_query
process_broken_connections,open_tcp_socket
process_broken_connections,open_udp_socket
process_broken_connections,socket_write
process_broken_connections,timeadd
process_broken_connections,send
process_broken_connections,ares__open_socket
process_broken_connections,configure_socket
process_broken_connections,ares__close_socket
process_broken_connections,ares__connect_socket
process_broken_connections,connect
process_broken_connections,close
process_broken_connections,ares__close_sockets
process_broken_connections,ares__init_list_head
process_broken_connections,ares__is_list_empty
process_broken_connections,ares__insert_in_list
process_broken_connections,ares__remove_from_list
process_broken_connections,aresx_sitous
handle_error,fcntl
handle_error,setsockopt
handle_error,bind
handle_error,memcmp
handle_error,setsocknonblock
handle_error,socket
handle_error,__assert_fail
handle_error,htonl
handle_error,__errno_location
handle_error,swap_lists
handle_error,skip_server
handle_error,next_server
handle_error,ares__send_query
handle_error,end_query
handle_error,ares__free_query
handle_error,open_tcp_socket
handle_error,open_udp_socket
handle_error,socket_write
handle_error,timeadd
handle_error,send
handle_error,ares__open_socket
handle_error,configure_socket
handle_error,ares__close_socket
handle_error,ares__connect_socket
handle_error,connect
handle_error,close
handle_error,ares__close_sockets
handle_error,ares__init_list_head
handle_error,ares__is_list_empty
handle_error,ares__insert_in_list
handle_error,ares__remove_from_list
handle_error,aresx_sitous
swap_lists,ares__init_list_head
swap_lists,ares__is_list_empty
next_server,fcntl
next_server,setsockopt
next_server,bind
next_server,memcmp
next_server,setsocknonblock
next_server,socket
next_server,__assert_fail
next_server,htonl
next_server,__errno_location
next_server,skip_server
next_server,ares__send_query
next_server,end_query
next_server,ares__free_query
next_server,open_tcp_socket
next_server,open_udp_socket
next_server,socket_write
next_server,timeadd
next_server,send
next_server,ares__open_socket
next_server,configure_socket
next_server,ares__close_socket
next_server,ares__connect_socket
next_server,connect
next_server,close
next_server,ares__close_sockets
next_server,ares__is_list_empty
next_server,ares__insert_in_list
next_server,ares__remove_from_list
next_server,aresx_sitous
ares__send_query,fcntl
ares__send_query,setsockopt
ares__send_query,bind
ares__send_query,memcmp
ares__send_query,setsocknonblock
ares__send_query,socket
ares__send_query,__assert_fail
ares__send_query,htonl
ares__send_query,__errno_location
ares__send_query,skip_server
ares__send_query,next_server
ares__send_query,end_query
ares__send_query,ares__free_query
ares__send_query,open_tcp_socket
ares__send_query,open_udp_socket
ares__send_query,socket_write
ares__send_query,timeadd
ares__send_query,send
ares__send_query,ares__open_socket
ares__send_query,configure_socket
ares__send_query,ares__close_socket
ares__send_query,ares__connect_socket
ares__send_query,connect
ares__send_query,close
ares__send_query,ares__close_sockets
ares__send_query,ares__is_list_empty
ares__send_query,ares__insert_in_list
ares__send_query,ares__remove_from_list
ares__send_query,aresx_sitous
end_query,__assert_fail
end_query,ares__free_query
end_query,ares__close_socket
end_query,close
end_query,ares__close_sockets
end_query,ares__is_list_empty
end_query,ares__remove_from_list
ares__free_query,ares__remove_from_list
open_tcp_socket,fcntl
open_tcp_socket,setsockopt
open_tcp_socket,bind
open_tcp_socket,memcmp
open_tcp_socket,setsocknonblock
open_tcp_socket,socket
open_tcp_socket,htonl
open_tcp_socket,__errno_location
open_tcp_socket,ares__open_socket
open_tcp_socket,configure_socket
open_tcp_socket,ares__close_socket
open_tcp_socket,ares__connect_socket
open_tcp_socket,connect
open_tcp_socket,close
open_tcp_socket,aresx_sitous
open_udp_socket,fcntl
open_udp_socket,setsockopt
open_udp_socket,bind
open_udp_socket,memcmp
open_udp_socket,setsocknonblock
open_udp_socket,socket
open_udp_socket,htonl
open_udp_socket,__errno_location
open_udp_socket,ares__open_socket
open_udp_socket,configure_socket
open_udp_socket,ares__close_socket
open_udp_socket,ares__connect_socket
open_udp_socket,connect
open_udp_socket,close
open_udp_socket,aresx_sitous
socket_write,send
ares__open_socket,socket
configure_socket,fcntl
configure_socket,setsockopt
configure_socket,bind
configure_socket,memcmp
configure_socket,setsocknonblock
configure_socket,htonl
ares__close_socket,close
ares__connect_socket,connect
socket_recv,recv
socket_writev,writev
ares_process_fd,fcntl
ares_process_fd,setsockopt
ares_process_fd,bind
ares_process_fd,memcmp
ares_process_fd,setsocknonblock
ares_process_fd,socket
ares_process_fd,socket_recvfrom
ares_process_fd,try_again
ares_process_fd,same_address
ares_process_fd,process_answer
ares_process_fd,same_questions
ares_process_fd,has_opt_rr
ares_process_fd,__assert_fail
ares_process_fd,ares_free_string
ares_process_fd,htonl
ares_process_fd,__errno_location
ares_process_fd,ares__tvnow
ares_process_fd,clock_gettime
ares_process_fd,gettimeofday
ares_process_fd,ares__timedout
ares_process_fd,processfds
ares_process_fd,write_tcp_data
ares_process_fd,read_tcp_data
ares_process_fd,read_udp_packets
ares_process_fd,process_timeouts
ares_process_fd,process_broken_connections
ares_process_fd,handle_error
ares_process_fd,swap_lists
ares_process_fd,skip_server
ares_process_fd,next_server
ares_process_fd,ares__send_query
ares_process_fd,end_query
ares_process_fd,ares__free_query
ares_process_fd,open_tcp_socket
ares_process_fd,open_udp_socket
ares_process_fd,socket_write
ares_process_fd,timeadd
ares_process_fd,send
ares_process_fd,ares__open_socket
ares_process_fd,configure_socket
ares_process_fd,ares__close_socket
ares_process_fd,ares__connect_socket
ares_process_fd,connect
ares_process_fd,close
ares_process_fd,strcasecmp
ares_process_fd,recvfrom
ares_process_fd,socket_recv
ares_process_fd,recv
ares_process_fd,socket_writev
ares_process_fd,advance_tcp_send_queue
ares_process_fd,writev
ares_process_fd,ares_expand_name
ares_process_fd,name_length
ares_process_fd,ares__close_sockets
ares_process_fd,ares__init_list_head
ares_process_fd,ares__is_list_empty
ares_process_fd,ares__insert_in_list
ares_process_fd,ares__remove_from_list
ares_process_fd,aresx_uztosl
ares_process_fd,aresx_sitous
ares_parse_aaaa_reply,ares__append_addrinfo_cname
ares_parse_aaaa_reply,ares__addrinfo_cat_cnames
ares_parse_aaaa_reply,ares__malloc_addrinfo_node
ares_parse_aaaa_reply,ares__append_addrinfo_node
ares_parse_aaaa_reply,ares__addrinfo_cat_nodes
ares_parse_aaaa_reply,ares__malloc_addrinfo_cname
ares_parse_aaaa_reply,strdup
ares_parse_aaaa_reply,strcasecmp
ares_parse_aaaa_reply,ares_free_hostent
ares_parse_aaaa_reply,ares_expand_name
ares_parse_aaaa_reply,name_length
ares_parse_aaaa_reply,ares__expand_name_for_response
ares_parse_aaaa_reply,ares__freeaddrinfo_cnames
ares_parse_aaaa_reply,ares__freeaddrinfo_nodes
ares_parse_aaaa_reply,aresx_uztosl
ares_parse_aaaa_reply,ares__parse_into_addrinfo2
ares_gethostbyaddr,fcntl
ares_gethostbyaddr,setsockopt
ares_gethostbyaddr,bind
ares_gethostbyaddr,memcmp
ares_gethostbyaddr,setsocknonblock
ares_gethostbyaddr,socket
ares_gethostbyaddr,__assert_fail
ares_gethostbyaddr,ares_free_string
ares_gethostbyaddr,strlen
ares_gethostbyaddr,htonl
ares_gethostbyaddr,ntohl
ares_gethostbyaddr,__errno_location
ares_gethostbyaddr,ares__tvnow
ares_gethostbyaddr,clock_gettime
ares_gethostbyaddr,gettimeofday
ares_gethostbyaddr,__ctype_b_loc
ares_gethostbyaddr,ares_strdup
ares_gethostbyaddr,strdup
ares_gethostbyaddr,file_lookup
ares_gethostbyaddr,end_aquery
ares_gethostbyaddr,fopen
ares_gethostbyaddr,fclose
ares_gethostbyaddr,sprintf
ares_gethostbyaddr,skip_server
ares_gethostbyaddr,next_server
ares_gethostbyaddr,ares__send_query
ares_gethostbyaddr,end_query
ares_gethostbyaddr,ares__free_query
ares_gethostbyaddr,open_tcp_socket
ares_gethostbyaddr,open_udp_socket
ares_gethostbyaddr,socket_write
ares_gethostbyaddr,timeadd
ares_gethostbyaddr,send
ares_gethostbyaddr,ares__open_socket
ares_gethostbyaddr,configure_socket
ares_gethostbyaddr,ares__close_socket
ares_gethostbyaddr,ares__connect_socket
ares_gethostbyaddr,connect
ares_gethostbyaddr,close
ares_gethostbyaddr,next_lookup
ares_gethostbyaddr,ptr_rr_name
ares_gethostbyaddr,ares_free_hostent
ares_gethostbyaddr,ares_create_query
ares_gethostbyaddr,strcmp
ares_gethostbyaddr,ares_striendstr
ares_gethostbyaddr,tolower
ares_gethostbyaddr,ares__is_onion_domain
ares_gethostbyaddr,ares__close_sockets
ares_gethostbyaddr,ares__generate_new_id
ares_gethostbyaddr,rc4
ares_gethostbyaddr,ares_query
ares_gethostbyaddr,generate_unique_id
ares_gethostbyaddr,find_query_by_id
ares_gethostbyaddr,ares__init_list_node
ares_gethostbyaddr,ares__is_list_empty
ares_gethostbyaddr,ares__insert_in_list
ares_gethostbyaddr,ares__remove_from_list
ares_gethostbyaddr,aresx_uztosi
ares_gethostbyaddr,aresx_uztoss
ares_gethostbyaddr,aresx_sitoss
ares_gethostbyaddr,aresx_sitous
ares_gethostbyaddr,ares_send
ares_gethostbyaddr,ares__read_line
ares_gethostbyaddr,fgets
ares_gethostbyaddr,ferror
ares_gethostbyaddr,ares_inet_pton
ares_gethostbyaddr,inet_pton
ares_gethostbyaddr,ares__get_hostent
next_lookup,fcntl
next_lookup,setsockopt
next_lookup,bind
next_lookup,memcmp
next_lookup,setsocknonblock
next_lookup,socket
next_lookup,__assert_fail
next_lookup,ares_free_string
next_lookup,strlen
next_lookup,htonl
next_lookup,ntohl
next_lookup,__errno_location
next_lookup,ares__tvnow
next_lookup,clock_gettime
next_lookup,gettimeofday
next_lookup,__ctype_b_loc
next_lookup,ares_strdup
next_lookup,strdup
next_lookup,file_lookup
next_lookup,end_aquery
next_lookup,fopen
next_lookup,fclose
next_lookup,sprintf
next_lookup,skip_server
next_lookup,next_server
next_lookup,ares__send_query
next_lookup,end_query
next_lookup,ares__free_query
next_lookup,open_tcp_socket
next_lookup,open_udp_socket
next_lookup,socket_write
next_lookup,timeadd
next_lookup,send
next_lookup,ares__open_socket
next_lookup,configure_socket
next_lookup,ares__close_socket
next_lookup,ares__connect_socket
next_lookup,connect
next_lookup,close
next_lookup,ptr_rr_name
next_lookup,ares_free_hostent
next_lookup,ares_create_query
next_lookup,strcmp
next_lookup,ares_striendstr
next_lookup,tolower
next_lookup,ares__is_onion_domain
next_lookup,ares__close_sockets
next_lookup,ares__generate_new_id
next_lookup,rc4
next_lookup,ares_query
next_lookup,generate_unique_id
next_lookup,find_query_by_id
next_lookup,ares__init_list_node
next_lookup,ares__is_list_empty
next_lookup,ares__insert_in_list
next_lookup,ares__remove_from_list
next_lookup,aresx_uztosi
next_lookup,aresx_uztoss
next_lookup,aresx_sitoss
next_lookup,aresx_sitous
next_lookup,ares_send
next_lookup,ares__read_line
next_lookup,fgets
next_lookup,ferror
next_lookup,ares_inet_pton
next_lookup,inet_pton
next_lookup,ares__get_hostent
ptr_rr_name,strlen
ptr_rr_name,ntohl
ptr_rr_name,sprintf
ares_search,fcntl
ares_search,setsockopt
ares_search,bind
ares_search,memcmp
ares_search,getenv
ares_search,setsocknonblock
ares_search,socket
ares_search,__assert_fail
ares_search,ares_free_string
ares_search,strlen
ares_search,htonl
ares_search,__errno_location
ares_search,ares__tvnow
ares_search,clock_gettime
ares_search,gettimeofday
ares_search,__ctype_b_loc
ares_search,ares_strdup
ares_search,strdup
ares_search,fopen
ares_search,fclose
ares_search,skip_server
ares_search,next_server
ares_search,ares__send_query
ares_search,end_query
ares_search,ares__free_query
ares_search,open_tcp_socket
ares_search,open_udp_socket
ares_search,socket_write
ares_search,timeadd
ares_search,send
ares_search,ares__open_socket
ares_search,configure_socket
ares_search,ares__close_socket
ares_search,ares__connect_socket
ares_search,connect
ares_search,close
ares_search,ares__single_domain
ares_search,ares__cat_domain
ares_search,ares_create_query
ares_search,strcmp
ares_search,strchr
ares_search,ares_striendstr
ares_search,tolower
ares_search,ares__is_onion_domain
ares_search,ares__close_sockets
ares_search,ares__generate_new_id
ares_search,rc4
ares_search,ares_query
ares_search,generate_unique_id
ares_search,find_query_by_id
ares_search,ares__init_list_node
ares_search,ares__is_list_empty
ares_search,ares__insert_in_list
ares_search,ares__remove_from_list
ares_search,aresx_uztosi
ares_search,aresx_sitous
ares_search,ares_send
ares_search,strncasecmp
ares_search,ares__read_line
ares_search,fgets
ares_search,ferror
ares__single_domain,getenv
ares__single_domain,strlen
ares__single_domain,__errno_location
ares__single_domain,__ctype_b_loc
ares__single_domain,ares_strdup
ares__single_domain,strdup
ares__single_domain,fopen
ares__single_domain,fclose
ares__single_domain,strchr
ares__single_domain,aresx_uztosi
ares__single_domain,strncasecmp
ares__single_domain,ares__read_line
ares__single_domain,fgets
ares__single_domain,ferror
search_callback,fcntl
search_callback,setsockopt
search_callback,bind
search_callback,memcmp
search_callback,setsocknonblock
search_callback,socket
search_callback,__assert_fail
search_callback,ares_free_string
search_callback,strlen
search_callback,htonl
search_callback,__errno_location
search_callback,ares__tvnow
search_callback,clock_gettime
search_callback,gettimeofday
search_callback,skip_server
search_callback,next_server
search_callback,ares__send_query
search_callback,end_query
search_callback,ares__free_query
search_callback,open_tcp_socket
search_callback,open_udp_socket
search_callback,socket_write
search_callback,timeadd
search_callback,send
search_callback,ares__open_socket
search_callback,configure_socket
search_callback,ares__close_socket
search_callback,ares__connect_socket
search_callback,connect
search_callback,close
search_callback,ares__cat_domain
search_callback,end_squery
search_callback,ares_create_query
search_callback,strcmp
search_callback,ares_striendstr
search_callback,tolower
search_callback,ares__is_onion_domain
search_callback,ares__close_sockets
search_callback,ares__generate_new_id
search_callback,rc4
search_callback,ares_query
search_callback,generate_unique_id
search_callback,find_query_by_id
search_callback,ares__init_list_node
search_callback,ares__is_list_empty
search_callback,ares__insert_in_list
search_callback,ares__remove_from_list
search_callback,aresx_sitous
search_callback,ares_send
ares__cat_domain,strlen
ares__bitncmp,memcmp
ares__readaddrinfo,ares__append_addrinfo_cname
ares__readaddrinfo,ares__addrinfo_cat_cnames
ares__readaddrinfo,ares__malloc_addrinfo_node
ares__readaddrinfo,ares__append_addrinfo_node
ares__readaddrinfo,ares__addrinfo_cat_nodes
ares__readaddrinfo,ares__malloc_addrinfo_cname
ares__readaddrinfo,strlen
ares__readaddrinfo,htons
ares__readaddrinfo,__ctype_b_loc
ares__readaddrinfo,ares_strdup
ares__readaddrinfo,strdup
ares__readaddrinfo,strcasecmp
ares__readaddrinfo,ares__freeaddrinfo_cnames
ares__readaddrinfo,ares__freeaddrinfo_nodes
ares__readaddrinfo,aresx_uztosi
ares__readaddrinfo,ares__read_line
ares__readaddrinfo,fgets
ares__readaddrinfo,ferror
ares__readaddrinfo,ares_inet_pton
ares__readaddrinfo,inet_pton
ares_destroy,__assert_fail
ares_destroy,ares__free_query
ares_destroy,ares__close_socket
ares_destroy,close
ares_destroy,ares__destroy_servers_state
ares_destroy,ares__close_sockets
ares_destroy,ares__is_list_empty
ares_destroy,ares__remove_from_list
ares__destroy_servers_state,__assert_fail
ares__destroy_servers_state,ares__close_socket
ares__destroy_servers_state,close
ares__destroy_servers_state,ares__close_sockets
ares__destroy_servers_state,ares__is_list_empty
ares_create_query,strlen
ares_create_query,strcmp
ares_create_query,ares_striendstr
ares_create_query,tolower
ares_create_query,ares__is_onion_domain
ares_cancel,ares__free_query
ares_cancel,ares__close_socket
ares_cancel,close
ares_cancel,ares__close_sockets
ares_cancel,ares__is_list_empty
ares_cancel,ares__remove_from_list
default_malloc,malloc
nameinfo_callback,strlen
nameinfo_callback,htonl
nameinfo_callback,ntohs
nameinfo_callback,strcpy
nameinfo_callback,ares_inet_ntop
nameinfo_callback,inet_ntop
nameinfo_callback,sprintf
nameinfo_callback,lookup_service
nameinfo_callback,append_scopeid
nameinfo_callback,gethostname
nameinfo_callback,strchr
nameinfo_callback,ares_striendstr
nameinfo_callback,tolower
nameinfo_callback,if_indextoname
nameinfo_callback,getservbyport_r
ares_striendstr,strlen
ares_striendstr,tolower
ares__is_onion_domain,strlen
ares__is_onion_domain,ares_striendstr
ares__is_onion_domain,tolower
ares_parse_a_reply,ares__append_addrinfo_cname
ares_parse_a_reply,ares__addrinfo_cat_cnames
ares_parse_a_reply,ares__malloc_addrinfo_node
ares_parse_a_reply,ares__append_addrinfo_node
ares_parse_a_reply,ares__addrinfo_cat_nodes
ares_parse_a_reply,ares__malloc_addrinfo_cname
ares_parse_a_reply,strdup
ares_parse_a_reply,strcasecmp
ares_parse_a_reply,ares_free_hostent
ares_parse_a_reply,ares_expand_name
ares_parse_a_reply,name_length
ares_parse_a_reply,ares__expand_name_for_response
ares_parse_a_reply,ares__freeaddrinfo_cnames
ares_parse_a_reply,ares__freeaddrinfo_nodes
ares_parse_a_reply,aresx_uztosl
ares_parse_a_reply,ares__parse_into_addrinfo2
ares_expand_name,name_length
ares_expand_name,aresx_uztosl
ares__expand_name_for_response,ares_expand_name
ares__expand_name_for_response,name_length
ares__expand_name_for_response,aresx_uztosl
ares_parse_txt_reply,ares_expand_name
ares_parse_txt_reply,name_length
ares_parse_txt_reply,ares__parse_txt_reply
ares_parse_txt_reply,ares_free_data
ares_parse_txt_reply,ares_malloc_data
ares_parse_txt_reply,aresx_uztosl
ares__parse_txt_reply,ares_expand_name
ares__parse_txt_reply,name_length
ares__parse_txt_reply,ares_free_data
ares__parse_txt_reply,ares_malloc_data
ares__parse_txt_reply,aresx_uztosl
ares_parse_txt_reply_ext,ares_expand_name
ares_parse_txt_reply_ext,name_length
ares_parse_txt_reply_ext,ares__parse_txt_reply
ares_parse_txt_reply_ext,ares_free_data
ares_parse_txt_reply_ext,ares_malloc_data
ares_parse_txt_reply_ext,aresx_uztosl
ares_parse_mx_reply,ares_expand_name
ares_parse_mx_reply,name_length
ares_parse_mx_reply,ares_free_data
ares_parse_mx_reply,ares_malloc_data
ares_parse_mx_reply,aresx_uztosl
ares_timeout,ares__tvnow
ares_timeout,clock_gettime
ares_timeout,gettimeofday
ares_timeout,ares__timedout
ares_timeout,timeoffset
ares_timeout,ares__is_list_empty
ares__close_sockets,ares__close_socket
ares__close_sockets,close
ares__generate_new_id,rc4
ares_query,fcntl
ares_query,setsockopt
ares_query,bind
ares_query,memcmp
ares_query,setsocknonblock
ares_query,socket
ares_query,__assert_fail
ares_query,ares_free_string
ares_query,strlen
ares_query,htonl
ares_query,__errno_location
ares_query,ares__tvnow
ares_query,clock_gettime
ares_query,gettimeofday
ares_query,skip_server
ares_query,next_server
ares_query,ares__send_query
ares_query,end_query
ares_query,ares__free_query
ares_query,open_tcp_socket
ares_query,open_udp_socket
ares_query,socket_write
ares_query,timeadd
ares_query,send
ares_query,ares__open_socket
ares_query,configure_socket
ares_query,ares__close_socket
ares_query,ares__connect_socket
ares_query,connect
ares_query,close
ares_query,ares_create_query
ares_query,strcmp
ares_query,ares_striendstr
ares_query,tolower
ares_query,ares__is_onion_domain
ares_query,ares__close_sockets
ares_query,ares__generate_new_id
ares_query,rc4
ares_query,generate_unique_id
ares_query,find_query_by_id
ares_query,ares__init_list_node
ares_query,ares__is_list_empty
ares_query,ares__insert_in_list
ares_query,ares__remove_from_list
ares_query,aresx_sitous
ares_query,ares_send
generate_unique_id,ares__generate_new_id
generate_unique_id,rc4
generate_unique_id,find_query_by_id
ares_gethostbyname,fcntl
ares_gethostbyname,setsockopt
ares_gethostbyname,bind
ares_gethostbyname,memcmp
ares_gethostbyname,getenv
ares_gethostbyname,setsocknonblock
ares_gethostbyname,socket
ares_gethostbyname,__assert_fail
ares_gethostbyname,end_hquery
ares_gethostbyname,ares_free_string
ares_gethostbyname,strlen
ares_gethostbyname,htonl
ares_gethostbyname,__errno_location
ares_gethostbyname,ares__tvnow
ares_gethostbyname,clock_gettime
ares_gethostbyname,gettimeofday
ares_gethostbyname,__ctype_b_loc
ares_gethostbyname,ares_strdup
ares_gethostbyname,strdup
ares_gethostbyname,fopen
ares_gethostbyname,fclose
ares_gethostbyname,skip_server
ares_gethostbyname,next_server
ares_gethostbyname,ares__send_query
ares_gethostbyname,end_query
ares_gethostbyname,ares__free_query
ares_gethostbyname,open_tcp_socket
ares_gethostbyname,open_udp_socket
ares_gethostbyname,socket_write
ares_gethostbyname,timeadd
ares_gethostbyname,send
ares_gethostbyname,ares__open_socket
ares_gethostbyname,configure_socket
ares_gethostbyname,ares__close_socket
ares_gethostbyname,ares__connect_socket
ares_gethostbyname,connect
ares_gethostbyname,close
ares_gethostbyname,strcasecmp
ares_gethostbyname,ares_search
ares_gethostbyname,ares__single_domain
ares_gethostbyname,ares__cat_domain
ares_gethostbyname,ares_free_hostent
ares_gethostbyname,ares_create_query
ares_gethostbyname,strcmp
ares_gethostbyname,strchr
ares_gethostbyname,ares_striendstr
ares_gethostbyname,tolower
ares_gethostbyname,ares__is_onion_domain
ares_gethostbyname,ares__close_sockets
ares_gethostbyname,ares__generate_new_id
ares_gethostbyname,rc4
ares_gethostbyname,ares_query
ares_gethostbyname,generate_unique_id
ares_gethostbyname,find_query_by_id
ares_gethostbyname,fake_hostent
ares_gethostbyname,next_lookup.63
ares_gethostbyname,file_lookup.64
ares_gethostbyname,ares__init_list_node
ares_gethostbyname,ares__is_list_empty
ares_gethostbyname,ares__insert_in_list
ares_gethostbyname,ares__remove_from_list
ares_gethostbyname,aresx_uztosi
ares_gethostbyname,aresx_uztoss
ares_gethostbyname,aresx_sitoss
ares_gethostbyname,aresx_sitous
ares_gethostbyname,ares_send
ares_gethostbyname,strncasecmp
ares_gethostbyname,ares__read_line
ares_gethostbyname,fgets
ares_gethostbyname,ferror
ares_gethostbyname,ares_inet_pton
ares_gethostbyname,inet_pton
ares_gethostbyname,ares__get_hostent
fake_hostent,strlen
fake_hostent,__ctype_b_loc
fake_hostent,ares_strdup
fake_hostent,strdup
fake_hostent,aresx_sitoss
fake_hostent,ares_inet_pton
fake_hostent,inet_pton
next_lookup.63,fcntl
next_lookup.63,setsockopt
next_lookup.63,bind
next_lookup.63,memcmp
next_lookup.63,getenv
next_lookup.63,setsocknonblock
next_lookup.63,socket
next_lookup.63,__assert_fail
next_lookup.63,end_hquery
next_lookup.63,ares_free_string
next_lookup.63,strlen
next_lookup.63,htonl
next_lookup.63,__errno_location
next_lookup.63,ares__tvnow
next_lookup.63,clock_gettime
next_lookup.63,gettimeofday
next_lookup.63,__ctype_b_loc
next_lookup.63,ares_strdup
next_lookup.63,strdup
next_lookup.63,fopen
next_lookup.63,fclose
next_lookup.63,skip_server
next_lookup.63,next_server
next_lookup.63,ares__send_query
next_lookup.63,end_query
next_lookup.63,ares__free_query
next_lookup.63,open_tcp_socket
next_lookup.63,open_udp_socket
next_lookup.63,socket_write
next_lookup.63,timeadd
next_lookup.63,send
next_lookup.63,ares__open_socket
next_lookup.63,configure_socket
next_lookup.63,ares__close_socket
next_lookup.63,ares__connect_socket
next_lookup.63,connect
next_lookup.63,close
next_lookup.63,strcasecmp
next_lookup.63,ares_search
next_lookup.63,ares__single_domain
next_lookup.63,ares__cat_domain
next_lookup.63,ares_free_hostent
next_lookup.63,ares_create_query
next_lookup.63,strcmp
next_lookup.63,strchr
next_lookup.63,ares_striendstr
next_lookup.63,tolower
next_lookup.63,ares__is_onion_domain
next_lookup.63,ares__close_sockets
next_lookup.63,ares__generate_new_id
next_lookup.63,rc4
next_lookup.63,ares_query
next_lookup.63,generate_unique_id
next_lookup.63,find_query_by_id
next_lookup.63,file_lookup.64
next_lookup.63,ares__init_list_node
next_lookup.63,ares__is_list_empty
next_lookup.63,ares__insert_in_list
next_lookup.63,ares__remove_from_list
next_lookup.63,aresx_uztosi
next_lookup.63,aresx_uztoss
next_lookup.63,aresx_sitoss
next_lookup.63,aresx_sitous
next_lookup.63,ares_send
next_lookup.63,strncasecmp
next_lookup.63,ares__read_line
next_lookup.63,fgets
next_lookup.63,ferror
next_lookup.63,ares_inet_pton
next_lookup.63,inet_pton
next_lookup.63,ares__get_hostent
host_callback,ares__append_addrinfo_cname
host_callback,ares__addrinfo_cat_cnames
host_callback,ares__malloc_addrinfo_node
host_callback,ares__append_addrinfo_node
host_callback,ares__addrinfo_cat_nodes
host_callback,fcntl
host_callback,setsockopt
host_callback,bind
host_callback,memcmp
host_callback,getenv
host_callback,setsocknonblock
host_callback,socket
host_callback,__assert_fail
host_callback,end_hquery
host_callback,sort_addresses
host_callback,sort6_addresses
host_callback,get6_address_index
host_callback,get_address_index
host_callback,ares_free_string
host_callback,ares__malloc_addrinfo_cname
host_callback,strlen
host_callback,htonl
host_callback,__errno_location
host_callback,ares__tvnow
host_callback,clock_gettime
host_callback,gettimeofday
host_callback,__ctype_b_loc
host_callback,ares_strdup
host_callback,strdup
host_callback,fopen
host_callback,fclose
host_callback,skip_server
host_callback,next_server
host_callback,ares__send_query
host_callback,end_query
host_callback,ares__free_query
host_callback,open_tcp_socket
host_callback,open_udp_socket
host_callback,socket_write
host_callback,timeadd
host_callback,send
host_callback,ares__open_socket
host_callback,configure_socket
host_callback,ares__close_socket
host_callback,ares__connect_socket
host_callback,connect
host_callback,close
host_callback,strcasecmp
host_callback,ares_parse_aaaa_reply
host_callback,ares_search
host_callback,ares__single_domain
host_callback,ares__cat_domain
host_callback,ares__bitncmp
host_callback,ares_free_hostent
host_callback,ares_create_query
host_callback,strcmp
host_callback,strchr
host_callback,ares_striendstr
host_callback,tolower
host_callback,ares__is_onion_domain
host_callback,ares_parse_a_reply
host_callback,ares_expand_name
host_callback,name_length
host_callback,ares__expand_name_for_response
host_callback,ares__close_sockets
host_callback,ares__generate_new_id
host_callback,rc4
host_callback,ares_query
host_callback,generate_unique_id
host_callback,find_query_by_id
host_callback,next_lookup.63
host_callback,file_lookup.64
host_callback,ares__init_list_node
host_callback,ares__is_list_empty
host_callback,ares__insert_in_list
host_callback,ares__remove_from_list
host_callback,ares__freeaddrinfo_cnames
host_callback,ares__freeaddrinfo_nodes
host_callback,aresx_uztosl
host_callback,aresx_uztosi
host_callback,aresx_uztoss
host_callback,aresx_sitoss
host_callback,aresx_sitous
host_callback,ares_send
host_callback,strncasecmp
host_callback,ares__read_line
host_callback,fgets
host_callback,ferror
host_callback,ares_inet_pton
host_callback,inet_pton
host_callback,ares__get_hostent
host_callback,ares__parse_into_addrinfo2
file_lookup.64,strlen
file_lookup.64,__errno_location
file_lookup.64,__ctype_b_loc
file_lookup.64,ares_strdup
file_lookup.64,strdup
file_lookup.64,fopen
file_lookup.64,fclose
file_lookup.64,strcasecmp
file_lookup.64,ares_free_hostent
file_lookup.64,ares_striendstr
file_lookup.64,tolower
file_lookup.64,ares__is_onion_domain
file_lookup.64,aresx_uztosi
file_lookup.64,aresx_uztoss
file_lookup.64,aresx_sitoss
file_lookup.64,ares__read_line
file_lookup.64,fgets
file_lookup.64,ferror
file_lookup.64,ares_inet_pton
file_lookup.64,inet_pton
file_lookup.64,ares__get_hostent
ares_set_local_dev,strncpy
ares_set_sortlist,htonl
ares_set_sortlist,ntohl
ares_set_sortlist,__errno_location
ares_set_sortlist,__ctype_b_loc
ares_set_sortlist,strchr
ares_set_sortlist,tolower
ares_set_sortlist,aresx_sztosi
ares_set_sortlist,aresx_sztoui
ares_set_sortlist,ares_inet_net_pton
ares_set_sortlist,inet_net_pton_ipv4
ares_set_sortlist,inet_net_pton_ipv6
ares_set_sortlist,getv4
ares_set_sortlist,getbits
ares_set_sortlist,ares_inet_pton
ares_set_sortlist,inet_pton
ares_set_sortlist,config_sortlist
ares_set_sortlist,sortlist_alloc
ares_set_sortlist,ip_addr
ares_set_sortlist,natural_mask
ares_freeaddrinfo,ares__freeaddrinfo_cnames
ares_freeaddrinfo,ares__freeaddrinfo_nodes
ares_send,fcntl
ares_send,setsockopt
ares_send,bind
ares_send,memcmp
ares_send,setsocknonblock
ares_send,socket
ares_send,__assert_fail
ares_send,htonl
ares_send,__errno_location
ares_send,ares__tvnow
ares_send,clock_gettime
ares_send,gettimeofday
ares_send,skip_server
ares_send,next_server
ares_send,ares__send_query
ares_send,end_query
ares_send,ares__free_query
ares_send,open_tcp_socket
ares_send,open_udp_socket
ares_send,socket_write
ares_send,timeadd
ares_send,send
ares_send,ares__open_socket
ares_send,configure_socket
ares_send,ares__close_socket
ares_send,ares__connect_socket
ares_send,connect
ares_send,close
ares_send,ares__close_sockets
ares_send,ares__init_list_node
ares_send,ares__is_list_empty
ares_send,ares__insert_in_list
ares_send,ares__remove_from_list
ares_send,aresx_sitous
ares_strsplit,strlen
ares_strsplit,ares_strdup
ares_strsplit,strdup
ares_strsplit,ares_strsplit_free
ares_strsplit,is_delim
ares_strsplit,list_contains
ares_strsplit,strncasecmp
ares_strsplit,strncmp
list_contains,strlen
list_contains,strncasecmp
list_contains,strncmp
ares__read_line,strlen
ares__read_line,aresx_uztosi
ares__read_line,fgets
ares__read_line,ferror
ares_fds,ares__is_list_empty
ares_inet_net_pton,__errno_location
ares_inet_net_pton,__ctype_b_loc
ares_inet_net_pton,strchr
ares_inet_net_pton,tolower
ares_inet_net_pton,aresx_sztosi
ares_inet_net_pton,aresx_sztoui
ares_inet_net_pton,inet_net_pton_ipv4
ares_inet_net_pton,inet_net_pton_ipv6
ares_inet_net_pton,getv4
ares_inet_net_pton,getbits
inet_net_pton_ipv4,__errno_location
inet_net_pton_ipv4,__ctype_b_loc
inet_net_pton_ipv4,strchr
inet_net_pton_ipv4,tolower
inet_net_pton_ipv4,aresx_sztosi
inet_net_pton_ipv6,__errno_location
inet_net_pton_ipv6,strchr
inet_net_pton_ipv6,aresx_sztosi
inet_net_pton_ipv6,aresx_sztoui
inet_net_pton_ipv6,getv4
inet_net_pton_ipv6,getbits
getv4,strchr
getv4,aresx_sztosi
getv4,aresx_sztoui
getv4,getbits
getbits,strchr
getbits,aresx_sztosi
ares_inet_pton,inet_pton
ares_getsock,ares__is_list_empty
ares_parse_ptr_reply,strlen
ares_parse_ptr_reply,strncpy
ares_parse_ptr_reply,strcasecmp
ares_parse_ptr_reply,ares_free_hostent
ares_parse_ptr_reply,ares_expand_name
ares_parse_ptr_reply,name_length
ares_parse_ptr_reply,ares__expand_name_for_response
ares_parse_ptr_reply,aresx_uztosl
ares_parse_ptr_reply,aresx_sitoss
ares_library_init,ares_win32_init
ares_library_init_mem,ares_library_init
ares_library_init_mem,ares_win32_init
ares_library_cleanup,ares_win32_cleanup
ares_parse_naptr_reply,ares_expand_string
ares_parse_naptr_reply,strncpy
ares_parse_naptr_reply,ares_expand_name
ares_parse_naptr_reply,name_length
ares_parse_naptr_reply,ares_free_data
ares_parse_naptr_reply,ares_malloc_data
ares_parse_naptr_reply,aresx_uztosl
ares__get_hostent,strlen
ares__get_hostent,__ctype_b_loc
ares__get_hostent,ares_strdup
ares__get_hostent,strdup
ares__get_hostent,aresx_uztosi
ares__get_hostent,aresx_uztoss
ares__get_hostent,aresx_sitoss
ares__get_hostent,ares__read_line
ares__get_hostent,fgets
ares__get_hostent,ferror
ares__get_hostent,ares_inet_pton
ares__get_hostent,inet_pton
ares__parse_into_addrinfo2,ares__append_addrinfo_cname
ares__parse_into_addrinfo2,ares__addrinfo_cat_cnames
ares__parse_into_addrinfo2,ares__malloc_addrinfo_node
ares__parse_into_addrinfo2,ares__append_addrinfo_node
ares__parse_into_addrinfo2,ares__addrinfo_cat_nodes
ares__parse_into_addrinfo2,ares__malloc_addrinfo_cname
ares__parse_into_addrinfo2,strcasecmp
ares__parse_into_addrinfo2,ares_expand_name
ares__parse_into_addrinfo2,name_length
ares__parse_into_addrinfo2,ares__expand_name_for_response
ares__parse_into_addrinfo2,ares__freeaddrinfo_cnames
ares__parse_into_addrinfo2,ares__freeaddrinfo_nodes
ares__parse_into_addrinfo2,aresx_uztosl
ares__parse_into_addrinfo,ares__append_addrinfo_cname
ares__parse_into_addrinfo,ares__addrinfo_cat_cnames
ares__parse_into_addrinfo,ares__malloc_addrinfo_node
ares__parse_into_addrinfo,ares__append_addrinfo_node
ares__parse_into_addrinfo,ares__addrinfo_cat_nodes
ares__parse_into_addrinfo,ares__malloc_addrinfo_cname
ares__parse_into_addrinfo,strcasecmp
ares__parse_into_addrinfo,ares_expand_name
ares__parse_into_addrinfo,name_length
ares__parse_into_addrinfo,ares__expand_name_for_response
ares__parse_into_addrinfo,ares__freeaddrinfo_cnames
ares__parse_into_addrinfo,ares__freeaddrinfo_nodes
ares__parse_into_addrinfo,aresx_uztosl
ares__parse_into_addrinfo,ares__parse_into_addrinfo2
ares_init,getenv
ares_init,strlen
ares_init,htonl
ares_init,ntohl
ares_init,__errno_location
ares_init,ares__tvnow
ares_init,clock_gettime
ares_init,gettimeofday
ares_init,htons
ares_init,__ctype_b_loc
ares_init,strtol
ares_init,ares_strdup
ares_init,strdup
ares_init,fopen
ares_init,fclose
ares_init,gethostname
ares_init,strchr
ares_init,tolower
ares_init,ares__generate_new_id
ares_init,rc4
ares_init,ares__init_list_head
ares_init,aresx_uztosi
ares_init,aresx_sltosi
ares_init,aresx_sztosi
ares_init,aresx_sztoui
ares_init,ares_strsplit_free
ares_init,ares_strsplit
ares_init,is_delim
ares_init,list_contains
ares_init,strncasecmp
ares_init,strncmp
ares_init,ares__read_line
ares_init,fgets
ares_init,ferror
ares_init,ares_inet_net_pton
ares_init,inet_net_pton_ipv4
ares_init,inet_net_pton_ipv6
ares_init,getv4
ares_init,getbits
ares_init,ares_inet_pton
ares_init,inet_pton
ares_init,ares_library_initialized
ares_init,ares_init_options
ares_init,init_by_options
ares_init,init_by_environment
ares_init,init_by_resolv_conf
ares_init,init_by_defaults
ares_init,init_id_key
ares_init,ares__init_servers_state
ares_init,randomize_key
ares_init,setvbuf
ares_init,fread
ares_init,rand
ares_init,try_config
ares_init,config_domain
ares_init,config_lookup
ares_init,set_search
ares_init,config_nameserver
ares_init,config_sortlist
ares_init,set_options
ares_init,try_option
ares_init,sortlist_alloc
ares_init,ip_addr
ares_init,natural_mask
ares_init,ares_ipv6_server_blacklisted
ares_init,ares_ipv6_subnet_matches
ares_init_options,getenv
ares_init_options,strlen
ares_init_options,htonl
ares_init_options,ntohl
ares_init_options,__errno_location
ares_init_options,ares__tvnow
ares_init_options,clock_gettime
ares_init_options,gettimeofday
ares_init_options,htons
ares_init_options,__ctype_b_loc
ares_init_options,strtol
ares_init_options,ares_strdup
ares_init_options,strdup
ares_init_options,fopen
ares_init_options,fclose
ares_init_options,gethostname
ares_init_options,strchr
ares_init_options,tolower
ares_init_options,ares__generate_new_id
ares_init_options,rc4
ares_init_options,ares__init_list_head
ares_init_options,aresx_uztosi
ares_init_options,aresx_sltosi
ares_init_options,aresx_sztosi
ares_init_options,aresx_sztoui
ares_init_options,ares_strsplit_free
ares_init_options,ares_strsplit
ares_init_options,is_delim
ares_init_options,list_contains
ares_init_options,strncasecmp
ares_init_options,strncmp
ares_init_options,ares__read_line
ares_init_options,fgets
ares_init_options,ferror
ares_init_options,ares_inet_net_pton
ares_init_options,inet_net_pton_ipv4
ares_init_options,inet_net_pton_ipv6
ares_init_options,getv4
ares_init_options,getbits
ares_init_options,ares_inet_pton
ares_init_options,inet_pton
ares_init_options,ares_library_initialized
ares_init_options,init_by_options
ares_init_options,init_by_environment
ares_init_options,init_by_resolv_conf
ares_init_options,init_by_defaults
ares_init_options,init_id_key
ares_init_options,ares__init_servers_state
ares_init_options,randomize_key
ares_init_options,setvbuf
ares_init_options,fread
ares_init_options,rand
ares_init_options,try_config
ares_init_options,config_domain
ares_init_options,config_lookup
ares_init_options,set_search
ares_init_options,config_nameserver
ares_init_options,config_sortlist
ares_init_options,set_options
ares_init_options,try_option
ares_init_options,sortlist_alloc
ares_init_options,ip_addr
ares_init_options,natural_mask
ares_init_options,ares_ipv6_server_blacklisted
ares_init_options,ares_ipv6_subnet_matches
init_by_options,strlen
init_by_options,htons
init_by_options,ares_strdup
init_by_options,strdup
init_by_environment,getenv
init_by_environment,strlen
init_by_environment,__ctype_b_loc
init_by_environment,strtol
init_by_environment,ares_strdup
init_by_environment,strdup
init_by_environment,aresx_sltosi
init_by_environment,ares_strsplit_free
init_by_environment,ares_strsplit
init_by_environment,is_delim
init_by_environment,list_contains
init_by_environment,strncasecmp
init_by_environment,strncmp
init_by_environment,set_search
init_by_environment,set_options
init_by_environment,try_option
init_by_resolv_conf,strlen
init_by_resolv_conf,htonl
init_by_resolv_conf,ntohl
init_by_resolv_conf,__errno_location
init_by_resolv_conf,__ctype_b_loc
init_by_resolv_conf,strtol
init_by_resolv_conf,ares_strdup
init_by_resolv_conf,strdup
init_by_resolv_conf,fopen
init_by_resolv_conf,fclose
init_by_resolv_conf,strchr
init_by_resolv_conf,tolower
init_by_resolv_conf,aresx_uztosi
init_by_resolv_conf,aresx_sltosi
init_by_resolv_conf,aresx_sztosi
init_by_resolv_conf,aresx_sztoui
init_by_resolv_conf,ares_strsplit_free
init_by_resolv_conf,ares_strsplit
init_by_resolv_conf,is_delim
init_by_resolv_conf,list_contains
init_by_resolv_conf,strncasecmp
init_by_resolv_conf,strncmp
init_by_resolv_conf,ares__read_line
init_by_resolv_conf,fgets
init_by_resolv_conf,ferror
init_by_resolv_conf,ares_inet_net_pton
init_by_resolv_conf,inet_net_pton_ipv4
init_by_resolv_conf,inet_net_pton_ipv6
init_by_resolv_conf,getv4
init_by_resolv_conf,getbits
init_by_resolv_conf,ares_inet_pton
init_by_resolv_conf,inet_pton
init_by_resolv_conf,try_config
init_by_resolv_conf,config_domain
init_by_resolv_conf,config_lookup
init_by_resolv_conf,set_search
init_by_resolv_conf,config_nameserver
init_by_resolv_conf,config_sortlist
init_by_resolv_conf,set_options
init_by_resolv_conf,try_option
init_by_resolv_conf,sortlist_alloc
init_by_resolv_conf,ip_addr
init_by_resolv_conf,natural_mask
init_by_resolv_conf,ares_ipv6_server_blacklisted
init_by_resolv_conf,ares_ipv6_subnet_matches
init_by_defaults,strlen
init_by_defaults,htonl
init_by_defaults,__errno_location
init_by_defaults,htons
init_by_defaults,ares_strdup
init_by_defaults,strdup
init_by_defaults,gethostname
init_by_defaults,strchr
init_id_key,fopen
init_id_key,fclose
init_id_key,aresx_uztosi
init_id_key,randomize_key
init_id_key,setvbuf
init_id_key,fread
init_id_key,rand
ares__init_servers_state,ares__init_list_head
randomize_key,fopen
randomize_key,fclose
randomize_key,aresx_uztosi
randomize_key,setvbuf
randomize_key,fread
randomize_key,rand
try_config,strlen
try_config,__ctype_b_loc
try_config,strncmp
config_domain,strlen
config_domain,__ctype_b_loc
config_domain,ares_strdup
config_domain,strdup
config_domain,ares_strsplit_free
config_domain,ares_strsplit
config_domain,is_delim
config_domain,list_contains
config_domain,strncasecmp
config_domain,strncmp
config_domain,set_search
config_lookup,strlen
config_lookup,__ctype_b_loc
config_lookup,ares_strdup
config_lookup,strdup
set_search,strlen
set_search,ares_strdup
set_search,strdup
set_search,ares_strsplit_free
set_search,ares_strsplit
set_search,is_delim
set_search,list_contains
set_search,strncasecmp
set_search,strncmp
config_nameserver,__ctype_b_loc
config_nameserver,ares_inet_pton
config_nameserver,inet_pton
config_nameserver,ares_ipv6_server_blacklisted
config_nameserver,ares_ipv6_subnet_matches
config_sortlist,htonl
config_sortlist,ntohl
config_sortlist,__errno_location
config_sortlist,__ctype_b_loc
config_sortlist,strchr
config_sortlist,tolower
config_sortlist,aresx_sztosi
config_sortlist,aresx_sztoui
config_sortlist,ares_inet_net_pton
config_sortlist,inet_net_pton_ipv4
config_sortlist,inet_net_pton_ipv6
config_sortlist,getv4
config_sortlist,getbits
config_sortlist,ares_inet_pton
config_sortlist,inet_pton
config_sortlist,sortlist_alloc
config_sortlist,ip_addr
config_sortlist,natural_mask
set_options,strlen
set_options,__ctype_b_loc
set_options,strtol
set_options,aresx_sltosi
set_options,strncmp
set_options,try_option
try_option,strlen
try_option,strncmp
ip_addr,ares_inet_pton
ip_addr,inet_pton
natural_mask,htonl
natural_mask,ntohl
ares_ipv6_server_blacklisted,ares_ipv6_subnet_matches
ares_dup,getenv
ares_dup,__assert_fail
ares_dup,strlen
ares_dup,htonl
ares_dup,ntohl
ares_dup,__errno_location
ares_dup,ares__tvnow
ares_dup,clock_gettime
ares_dup,gettimeofday
ares_dup,ares_get_servers_ports
ares_dup,ntohs
ares_dup,ares_set_servers_ports
ares_dup,htons
ares_dup,__ctype_b_loc
ares_dup,strtol
ares_dup,ares_strdup
ares_dup,strdup
ares_dup,strncpy
ares_dup,fopen
ares_dup,fclose
ares_dup,ares__free_query
ares_dup,ares__close_socket
ares_dup,close
ares_dup,ares_destroy_options
ares_dup,ares_destroy
ares_dup,ares__destroy_servers_state
ares_dup,gethostname
ares_dup,strchr
ares_dup,tolower
ares_dup,ares__close_sockets
ares_dup,ares__generate_new_id
ares_dup,rc4
ares_dup,ares_free_data
ares_dup,ares_malloc_data
ares_dup,ares__init_list_head
ares_dup,ares__is_list_empty
ares_dup,ares__remove_from_list
ares_dup,aresx_uztosi
ares_dup,aresx_sltosi
ares_dup,aresx_sztosi
ares_dup,aresx_sztoui
ares_dup,aresx_sitous
ares_dup,ares_strsplit_free
ares_dup,ares_strsplit
ares_dup,is_delim
ares_dup,list_contains
ares_dup,strncasecmp
ares_dup,strncmp
ares_dup,ares__read_line
ares_dup,fgets
ares_dup,ferror
ares_dup,ares_inet_net_pton
ares_dup,inet_net_pton_ipv4
ares_dup,inet_net_pton_ipv6
ares_dup,getv4
ares_dup,getbits
ares_dup,ares_inet_pton
ares_dup,inet_pton
ares_dup,ares_library_initialized
ares_dup,ares_init_options
ares_dup,init_by_options
ares_dup,init_by_environment
ares_dup,init_by_resolv_conf
ares_dup,init_by_defaults
ares_dup,init_id_key
ares_dup,ares__init_servers_state
ares_dup,randomize_key
ares_dup,setvbuf
ares_dup,fread
ares_dup,rand
ares_dup,try_config
ares_dup,config_domain
ares_dup,config_lookup
ares_dup,set_search
ares_dup,config_nameserver
ares_dup,config_sortlist
ares_dup,set_options
ares_dup,try_option
ares_dup,sortlist_alloc
ares_dup,ip_addr
ares_dup,natural_mask
ares_dup,ares_ipv6_server_blacklisted
ares_dup,ares_ipv6_subnet_matches
ares_dup,ares_save_options
ares_save_options,strlen
ares_save_options,ntohs
ares_save_options,ares_strdup
ares_save_options,strdup
ares_save_options,aresx_sitous
